,image_name,gender,Eyes,Nose,Lips,Eyebrows,HairFront,HairBack,FaceShape
108,3bbd0552-ca20-4a0b-ad3a-d61d236d2ee0VvZuQlYy0DqJPBNi.png,female,FemaleEyesWideOpen,FemaleNoseShortBulbous2,FemaleLipsNormal2_Medium,FemaleEyebrowThin2_Thin,FemaleHairFrontJt_Medium,FemaleHairBackSabitaBack,FemaleFaceShapesOval2
109,3b5d9f0e-6d93-4cbe-b28b-6cd4aba15119UxWuttaQwQaLZhM_.png,female,FemaleEyesFlatLined,FemaleNoseUpturned2,FemaleLipsGoldilocks2_Medium,FemaleEyebrowFlat2_Thick,FemaleHairFrontNehaJabeen_Medium,FemaleHairBackTulsiBack,FemaleFaceShapesTriangleSmooth
110,3ab5f86c-7d91-49c1-85ac-f2464a3ffbfcVQFTJe1NjnfWA4Xu.png,female,FemaleEyesFlatLined,FemaleNoseStraightSmall2,FemaleLipsAverage_Thick,FemaleEyebrowThin2_Thin,FemaleHairFrontSimran_Medium,FemaleHairBackMansiBack,FemaleFaceShapesDiamondSmooth
111,3bac5652-8139-441e-b0a4-d4586a6e1789WpIfwHFwZRAJRKv_.png,female,FemaleEyesFlatLined,FemaleNoseShortBulbous2,FemaleLipsGoldilocks2_Medium,FemaleEyebrowThin2_Thin,FemaleHairFrontAnkita_Medium,FemaleHairBackSushmaBack,FemaleFaceShapesOval2
112,3b09297d-571f-4570-bb53-ead3fe8cb41bVBCHFtaQwVcLjAey.png,female,FemaleEyesFlatLined,FemaleNoseWide3,FemaleLipsAverage_Thick,FemaleEyebrowRaisedHigh_Thin,FemaleHairFrontKirnakshi_Short,FemaleHairBackJahanviBack,FemaleFaceShapesTriangleSmooth
113,3afe01e9-e6be-4338-8f43-0fd7e89d4824VdvySU7sU3zNLeOm.png,female,FemaleEyesFlatEyes2,FemaleNoseShortBulbous2,FemaleLipsGoldilocks2_Medium,FemaleEyebrowFlat2_Thick,FemaleHairFrontSabaNaaz_Medium,FemaleHairBackAishaBack,FemaleFaceShapesOval2
114,3c039f67-d3b0-4eac-b55b-2028d2448f53WRxmM7EWpjqOdh4q.png,female,FemaleEyesSleepy2,FemaleNoseWide3,FemaleLipsNormalWide_Thick,FemaleEyebrowCurve_Thick,FemaleHairFrontAnkita_Medium,FemaleHairBackSushmaBack,FemaleFaceShapesSoftRectangle
115,3ba48e23-0848-4d8f-892a-c74653d71713VhEv_07sU29u8G9a.png,female,FemaleEyesFlatEyes2,FemaleNoseWide3,FemaleLipsNormal2_Medium,FemaleEyebrowThin2_Thin,FemaleHairFrontJhanviPatel_Medium,FemaleHairBackRuchiBack,FemaleFaceShapesSoftRectangle
116,3c264c45-66ae-4f6f-b956-21cbc02f2080UsZ1krwsRGCmauv8.png,female,FemaleEyesFlatLined,FemaleNoseShortBulbous2,FemaleLipsAverage_Thick,FemaleEyebrowFlat2_Thick,FemaleHairFrontJhanviPatel_Medium,FemaleHairBackMansiBack,FemaleFaceShapesDiamondSmooth
117,3acd4ff9-c9d5-46a1-b6b2-de5807ef327fV34MAmxSUI3SiGg5.png,female,FemaleEyesFlatLined,FemaleNoseStraightSmall2,FemaleLipsNormal2_Medium,FemaleEyebrowFlat2_Thick,FemaleHairFrontJahanvi_Medium,FemaleHairBackTulsiBack,FemaleFaceShapesRectangle2Smooth
118,3bad58b1-ca1e-4935-a556-598da2c47302UR0XsCo2N0aSbYkE.png,female,FemaleEyesFlatLined,FemaleNoseShortBulbous2,FemaleLipsNormal2_Medium,FemaleEyebrowThin2_Thin,FemaleHairFrontSushma_Long,FemaleHairBackKshitijaBack,FemaleFaceShapesOval2
119,3c3e1290-6031-4195-b2f6-2e4839ffbb04VfihtlONuBo7b2SS.png,female,FemaleEyesWideOpen,FemaleNoseShortBulbous2,FemaleLipsNormal2_Medium,FemaleEyebrowSShaped_Thin,FemaleHairFrontKirnakshi_Short,FemaleHairBackDesaiKavyaBack,FemaleFaceShapesTriangleSmooth
120,3b0b4b97-a14a-4d4f-809f-2c30f03cc7f0UynVc7kTDB-2GRtf.png,female,FemaleEyesFlatLined,FemaleNoseShortBulbous2,FemaleLipsNormal2_Medium,FemaleEyebrowThin2_Thin,FemaleHairFrontHOneSideWavy_Long,FemaleHairBackSleekSideBack,FemaleFaceShapesOval2
121,3afc26a6-bbc5-4107-a8f3-5d025aae4099V0UvFbwsRBJnIvdY.png,female,FemaleEyesNormal,FemaleNoseShortBulbous2,FemaleLipsNormal2_Medium,FemaleEyebrowThickSoftAngled_Thick,FemaleHairFrontSaima_Long,FemaleHairBackVartikaBack,FemaleFaceShapesTriangle
122,3c09a4d3-bd4e-44b2-bd2b-910d2d79b4caXCUMYM84dBMRpdKc.png,female,FemaleEyesFlatEyes2,FemaleNoseShortBulbous2,FemaleLipsNormal2_Medium,FemaleEyebrowFlat2_Thick,FemaleHairFrontNehaJabeen_Medium,FemaleHairBackTulsiBack,FemaleFaceShapesTriangle
123,3b29f9de-3211-483f-ac3e-e2cc29951743VjBa_YRXr2ZgHhSm.png,female,FemaleEyesFlatLined,FemaleNoseShortBulbous2,FemaleLipsAverage_Thick,FemaleEyebrowFlat2_Thick,FemaleHairFrontCenterPart3_Short,FemaleHairBackPrincessHairBack,FemaleFaceShapesDiamondSmooth
124,3aa12375-55b6-45e7-88a2-94a1a20f4694V4dpJtFH7Huyn_Nv.png,female,FemaleEyesFlatLined,FemaleNoseShortBulbous2,FemaleLipsGoldilocks2_Medium,FemaleEyebrowFlat2_Thick,FemaleHairFrontAnkita_Medium,FemaleHairBackSushmaBack,FemaleFaceShapesOval2
125,3abdb7a6-1329-4072-8b5d-03ecda0c70bfUxL07rkTDHfDM27G.png,female,FemaleEyesFlatLined,FemaleNoseShortBulbous2,FemaleLipsNormal2_Medium,FemaleEyebrowThin2_Thin,FemaleHairFrontAmita_Short,FemaleHairBackDesaiKavyaBack,FemaleFaceShapesTriangleSmooth
126,3b359ca4-666f-40f2-839b-b863646e9631WJ81_3Z3SlPmYOsP.png,female,FemaleEyesFlatLined,FemaleNoseNarrowBridgeSmall,FemaleLipsAverage_Thick,FemaleEyebrowThickSoftAngled_Thick,FemaleHairFrontAishwaryaPuri_Long,FemaleHairBackKomalBack,FemaleFaceShapesTriangleSmooth
127,3afe721f-2e3d-4867-b461-28699eaabfd7UUnhInfodDKH2QwI.png,female,FemaleEyesFlatEyes2,FemaleNoseWide3,FemaleLipsNormal2_Medium,FemaleEyebrowFlat2_Thick,FemaleHairFrontPrincessHair_Long,FemaleHairBackPrincessHairBack,FemaleFaceShapesRectangle2Smooth
128,3a9c9390-d9a2-42fe-b80d-64ccafc03d61U84l2rwsRBQifDiR.png,female,FemaleEyesFlatLined,FemaleNoseShortBulbous2,FemaleLipsNormal2_Medium,FemaleEyebrowThin2_Thin,FemaleHairFrontJhanviPatel_Medium,FemaleHairBackDesaiKavyaBack,FemaleFaceShapesOval
129,3aa69b5c-bb00-4321-aec2-7bcee6e988d5WFJOzNFH7DqvB7ks.png,female,FemaleEyesFlatLined,FemaleNoseShortBulbous2,FemaleLipsNormal2_Medium,FemaleEyebrowFlat2_Thick,FemaleHairFrontJhanviPatel_Medium,FemaleHairBackRuchiBack,FemaleFaceShapesOval2
130,3a9c7d4b-a7fa-4231-b47b-05e6075783ffVXA8gbieoRgEtcLQ.png,female,FemaleEyesFlatLined,FemaleNoseUpturned2,FemaleLipsNormal2_Medium,FemaleEyebrowSoftAngled_Medium,FemaleHairFrontSimran_Medium,FemaleHairBackMansiBack,FemaleFaceShapesRectangle2Smooth
131,3c3a4489-4881-410f-8bcf-36e5927a0ce8U-hS_mSBJ0ex2DDX.png,female,FemaleEyesFlatEyes2,FemaleNoseWide3,FemaleLipsNormalWide_Thick,FemaleEyebrowFlat2_Thick,FemaleHairFrontSimran_Medium,FemaleHairBackMansiBack,FemaleFaceShapesTriangleSmooth
132,3bb49d9f-828d-4702-ab56-9c7699f89a01UvowybkTDCaFkTGR.png,female,FemaleEyesFlatLined,FemaleNoseShortBulbous2,FemaleLipsAverage_Thick,FemaleEyebrowFlat2_Thick,FemaleHairFrontKirnakshi_Short,FemaleHairBackDesaiKavyaBack,FemaleFaceShapesOval
133,3b4fa150-245b-466b-b5e3-ba228ee2021cWBTXvZ3KYndwiy7F.png,female,FemaleEyesFlatLined,FemaleNoseStraightSmall2,FemaleLipsNormal2_Medium,FemaleEyebrowThin2_Thin,FemaleHairFrontAnuSirohi_Long,FemaleHairBackMansiBack,FemaleFaceShapesOval2
134,3c1bd401-df43-40a6-b6de-6ff10e8fe66aVkavwmSBJzXDfTuN.png,female,FemaleEyesFlatEyes2,FemaleNoseStraightSmall2,FemaleLipsGoldilocks2_Medium,FemaleEyebrowFlat2_Thick,FemaleHairFrontKirnakshi_Short,FemaleHairBackDesaiKavyaBack,FemaleFaceShapesTriangle2
135,3c240fc2-0df6-40bb-aa42-4e8a58e24eb5VeLpzwTnb1HAIjlt.png,female,FemaleEyesFlatLined,FemaleNoseWide3,FemaleLipsNormal2_Medium,FemaleEyebrowThin2_Thin,FemaleHairFrontJhanviPatel_Medium,FemaleHairBackTulsiBack,FemaleFaceShapesOval2
136,3b0d39c9-3eb3-4fa9-9238-d085dd2a5b6dVtiG0GxSUEvN8tfl.png,female,FemaleEyesFlatEyes2,FemaleNoseWide3,FemaleLipsNormal2_Medium,FemaleEyebrowCurve_Thick,FemaleHairFrontAnkita_Medium,FemaleHairBackSushmaBack,FemaleFaceShapesOval2
137,3c346e72-6ec5-467e-84e0-7e10efb4b57bVB035NaQwQt8CQS0.png,female,FemaleEyesNormal,FemaleNoseWide3,FemaleLipsNormal2_Medium,FemaleEyebrowRaisedHigh_Thin,FemaleHairFrontJhanviPatel_Medium,FemaleHairBackDesaiKavyaBack,FemaleFaceShapesOval2
138,3c1f7c2b-8e0a-4841-a93f-2a2e1c7e8539U-3Zd7kTDBgyZeFu.png,female,FemaleEyesSleepy2,FemaleNoseWide3,FemaleLipsGoldilocks2_Medium,FemaleEyebrowThinFlat_Thin,FemaleHairFrontKirnakshi_Short,FemaleHairBackTulsiBack,FemaleFaceShapesSoftRectangle
139,3b4f1d82-642f-4ed6-8eda-1a3715bf27d8U70Kn7wsRAJrC6mb.png,female,FemaleEyesFlatLined,FemaleNoseShortBulbous2,FemaleLipsNormal2_Medium,FemaleEyebrowThin2_Thin,FemaleHairFrontKirnakshi_Short,FemaleHairBackGowsalyaBack,FemaleFaceShapesSoftRectangle
140,3a9d0806-d49d-4542-9ba6-aa25f8f387c1Vi8CAmxSUEr2GssU.png,female,FemaleEyesFlatLined,FemaleNoseShortBulbous2,FemaleLipsNormal2_Medium,FemaleEyebrowFlat2_Thick,FemaleHairFrontRightSoftLong1_Medium,FemaleHairBackSleekSideBack,FemaleFaceShapesRectangle2Smooth
141,3aea9dc1-c920-462a-a0ca-00f344824f15VHtTyLkTDCGId4RS.png,female,FemaleEyesFlatLined,FemaleNoseShortBulbous2,FemaleLipsNormal2_Medium,FemaleEyebrowThin2_Thin,FemaleHairFrontRightSoftLong2_Medium,FemaleHairBackRishitaBack,FemaleFaceShapesOval
142,3bc738f2-47ca-4edf-84df-e8eaa9e28b94VCgF2WSBJ0p5aJw3.png,female,FemaleEyesFlatLined,FemaleNoseShortBulbous2,FemaleLipsNormal2_Medium,FemaleEyebrowFlat2_Thick,FemaleHairFrontNothingSpecialBothWavy2_Long,FemaleHairBackPrincessHairBack,FemaleFaceShapesTriangleSmooth
143,3bf4e71e-f3c6-4122-a7dd-c53d9ae5f53eUrRFtrwsRFoL8cQO.png,female,FemaleEyesFlatLined,FemaleNoseWide3,FemaleLipsNormal2_Medium,FemaleEyebrowThin2_Thin,FemaleHairFrontAnkita_Medium,FemaleHairBackSushmaBack,FemaleFaceShapesOval2
144,3b9f0495-4aae-4882-be8b-9a60b0a32deaV5o--TELxjx7jlbV.png,female,FemaleEyesFlatLined,FemaleNoseShortBulbous2,FemaleLipsNormal_Thick,FemaleEyebrowFlat2_Thick,FemaleHairFrontSonam_Long,FemaleHairBackMansiBack,FemaleFaceShapesTriangle
145,3bb10bf2-67bd-43bb-a9ae-c4b2142bb6f8Wkd_WXLQ5Q_5MP7t.png,female,FemaleEyesFlatLined,FemaleNoseUpturned2,FemaleLipsGoldilocks2_Medium,FemaleEyebrowCurve_Thick,FemaleHairFrontJoshitha_Long,FemaleHairBackHarshitaBack,FemaleFaceShapesTriangleSmooth
146,3b848c3a-b03f-4766-9ba2-17c9b116c2c8VK9wXbkTDHach41f.png,female,FemaleEyesFlatLined,FemaleNoseWide3,FemaleLipsNormal2_Medium,FemaleEyebrowThickSoftAngled_Thick,FemaleHairFrontSushma_Long,FemaleHairBackKshitijaBack,FemaleFaceShapesTriangleSmooth
147,3ade0bb7-f68e-440c-828a-86ee43a5e3e8VjtiRmxSUB3S72vt.png,female,FemaleEyesFlatEyes2,FemaleNoseShortBulbous2,FemaleLipsAverage_Thick,FemaleEyebrowThin2_Thin,FemaleHairFrontSonam_Long,FemaleHairBackMansiBack,FemaleFaceShapesOval2
148,3b207661-7013-42a8-a071-d5462c3c9188U58Y9bkTDBgADXYh.png,female,FemaleEyesFlatLined,FemaleNoseShortBulbous2,FemaleLipsAverage_Thick,FemaleEyebrowFlat2_Thick,FemaleHairFrontNehaJabeen_Medium,FemaleHairBackTulsiBack,FemaleFaceShapesRectangle2Smooth
149,3a9cee13-dd63-4288-81a1-e880a11a04c0VddHW4RXr2zDgCfP.png,female,FemaleEyesFlatLined,FemaleNoseWide3,FemaleLipsNormal2_Medium,FemaleEyebrowThin2_Thin,FemaleHairFrontSaileeDevdas_Short,FemaleHairBackVartikaBack,FemaleFaceShapesSoftRectangle
150,3b65d8a0-ab47-4fbe-8459-c2e2b1bf2961V5uWsDELxkhqBmnt.png,female,FemaleEyesNormal,FemaleNoseShortBulbous2,FemaleLipsAverage_Thick,FemaleEyebrowRaisedHigh_Thin,FemaleHairFrontNehaJabeen_Medium,FemaleHairBackTulsiBack,FemaleFaceShapesSoftTriangle
151,3aec77f1-778c-46bf-8eeb-4dcfdedb4a4eVgepDlONuGT72qg8.png,female,FemaleEyesFlatLined,FemaleNoseWide3,FemaleLipsNormal2_Medium,FemaleEyebrowThin2_Thin,FemaleHairFrontAmita_Short,FemaleHairBackTulsiBack,FemaleFaceShapesRectangle2Smooth
152,3b17e039-c47c-4ee3-a6e7-da605f2f401fXAofpnQE0UkqDCoK.png,female,FemaleEyes04,FemaleNoseShortBulbous2,FemaleLipsNormal2_Medium,FemaleEyebrowFlat2_Thick,FemaleHairFrontNehaJabeen_Medium,FemaleHairBackTulsiBack,FemaleFaceShapesTriangleSmooth
153,3ac55316-a54f-4118-8a83-261bce3830d0U-rx-rwsRARTS_KA.png,female,FemaleEyesFlatEyes2,FemaleNoseShortBulbous2,FemaleLipsAverage_Thick,FemaleEyebrowThin2_Thin,FemaleHairFrontSimran_Medium,FemaleHairBackMansiBack,FemaleFaceShapesOval
154,3c401c12-f3c1-49c1-bb4e-d98e974395dfVvy70OX1BkqBOWZB.png,female,FemaleEyesFlatLined,FemaleNoseShortBulbous2,FemaleLipsNormal2_Medium,FemaleEyebrowThin2_Thin,FemaleHairFrontNehaJabeen_Medium,FemaleHairBackTulsiBack,FemaleFaceShapesTriangleSmooth
155,3ac53184-4fac-4fc3-be87-8a861bd2389fVtwvLmxSUEvP9j3Z.png,female,FemaleEyesFlatLined,FemaleNoseWide3,FemaleLipsNormal2_Medium,FemaleEyebrowThin2_Thin,FemaleHairFrontJhanviPatel_Medium,FemaleHairBackRuchiBack,FemaleFaceShapesSoftRectangle
156,3c251e24-e0af-471c-a514-28f12263b061VSAYQBQ1GFFiRC5z.png,female,FemaleEyesFlatLined,FemaleNoseShortBulbous2,FemaleLipsGoldilocks2_Medium,FemaleEyebrowFlat2_Thick,FemaleHairFrontKirnakshi_Short,FemaleHairBackTulsiBack,FemaleFaceShapesRectangle2Smooth
157,3c1bbe47-1234-4b5c-bd04-71d9c5abac5dVOQQgLwsRD5S6LND.png,female,FemaleEyesFlatLined,FemaleNoseWide3,FemaleLipsNormal2_Medium,FemaleEyebrowFlat2_Thick,FemaleHairFrontShivaniMestry_Medium,FemaleHairBackSushmaBack,FemaleFaceShapesSoftRectangle
158,3abd09bb-8f2c-46ed-9631-37d76c62a40cWihUyT_lmktLyRf5.png,female,FemaleEyesFlatLined,FemaleNoseShortBulbous2,FemaleLipsNormal2_Medium,FemaleEyebrowCurve_Thick,FemaleHairFrontTamanna_Long,FemaleHairBackTamannaBack,FemaleFaceShapesTriangle
159,3b221f4a-f2ff-44c5-ba14-2cae351e2fabWaRBM9SP3hBLAEAm.png,female,FemaleEyesNormal,FemaleNoseTiny5,FemaleLipsGoldilocks2_Medium,FemaleEyebrowFlat2_Thick,FemaleHairFrontSimran_Medium,FemaleHairBackMansiBack,FemaleFaceShapesTriangle
160,3ba8cecd-935e-4a83-b025-5045bc1c5bb9VRfoaBQ1GBtRpRbn.png,female,FemaleEyesFlatEyes2,FemaleNoseShortBulbous2,FemaleLipsNormal2_Medium,FemaleEyebrowFlat2_Thick,FemaleHairFrontJhanviPatel_Medium,FemaleHairBackRishitaBack,FemaleFaceShapesTriangle2
161,3c19d4bf-3229-4f83-859c-3646cbd9b635V6SQe7EWpos3xxAK.png,female,FemaleEyesFlatLined,FemaleNoseShortBulbous2,FemaleLipsNormal2_Medium,FemaleEyebrowThin2_Thin,FemaleHairFrontJoshitha_Long,FemaleHairBackMansiBack,FemaleFaceShapesTriangleSmooth
162,3b72b2e2-0c83-41a8-845c-1ef874c8ecfbUSUj4FYzZWfT-5-L.png,female,FemaleEyesNormal,FemaleNoseShortBulbous2,FemaleLipsAverage_Thick,FemaleEyebrowThickSoftAngled_Thick,FemaleHairFrontNehaJabeen_Medium,FemaleHairBackTulsiBack,FemaleFaceShapesTriangleSmooth
163,3adaa22e-0d6a-46e4-b645-f3d5a3896e33U98w_daQwUFY-zQU.png,female,FemaleEyesFlatLined,FemaleNoseWide3,FemaleLipsNormal2_Medium,FemaleEyebrowFlat2_Thick,FemaleHairFrontSaileeDevdas_Short,FemaleHairBackVartikaBack,FemaleFaceShapesOval
164,3a9dcb78-03d1-4630-80dd-40d3904c66f1U8p9JrkTDCIyej3d.png,female,FemaleEyesFlatLined,FemaleNoseWide3,FemaleLipsNormal2_Medium,FemaleEyebrowRaisedHigh_Thin,FemaleHairFrontAnkita_Medium,FemaleHairBackSushmaBack,FemaleFaceShapesOval
165,3ba99b6d-bf8f-4e9f-9ce2-ed7a009c3d01WdcoxkKdkg_mmevu.png,female,FemaleEyesFlatLined,FemaleNoseShortBridgeSmall,FemaleLipsNormal2_Medium,FemaleEyebrowFlat2_Thick,FemaleHairFrontNehaJabeen_Medium,FemaleHairBackTulsiBack,FemaleFaceShapesSoftTriangle
166,3b463949-4e58-47a4-aacb-bdf2f43a768bU8ZUwdaQwX7n49_W.png,female,FemaleEyesFlatLined,FemaleNoseShortBulbous2,FemaleLipsGoldilocks2_Medium,FemaleEyebrowCurve_Thick,FemaleHairFrontNehaJabeen_Medium,FemaleHairBackTulsiBack,FemaleFaceShapesTriangle
167,3bf16027-5a1e-41c7-aef6-07d11b60b4a7WgRhKEDBKxB2pEwq.png,female,FemaleEyesFlatLined,FemaleNoseWide3,FemaleLipsAverage_Thick,FemaleEyebrowRaisedHigh_Thin,FemaleHairFrontKirnakshi_Short,FemaleHairBackJahanviBack,FemaleFaceShapesSoftRectangle
168,3b54bc90-92b6-42a8-bad8-f2a95062563eU7_wC7wsRE_jT3T6.png,female,FemaleEyesFlatLined,FemaleNoseShortBridgeSmall,FemaleLipsNormal2_Medium,FemaleEyebrowSoftAngled_Medium,FemaleHairFrontGlady_Medium,FemaleHairBackHarshitaBack,FemaleFaceShapesTriangle
169,3ba71153-8777-498e-beca-efdcf443f3faWGcwQ7q9v_cDAUnC.png,female,FemaleEyesFlatLined,FemaleNoseShortBridgeSmall,FemaleLipsGoldilocks2_Medium,FemaleEyebrowFlat2_Thick,FemaleHairFrontSimran_Medium,FemaleHairBackHemuBack,FemaleFaceShapesSoftRectangle
170,3aa31e41-9939-40bd-88cc-fbf86e6acbdeVYVgzBQ1GD85_RFS.png,female,FemaleEyesFlatLined,FemaleNoseShortBulbous2,FemaleLipsAverage_Thick,FemaleEyebrowThin2_Thin,FemaleHairFrontPrincessHair_Long,FemaleHairBackPrincessHairBack,FemaleFaceShapesDiamondSmooth
171,3ab06171-a948-43ff-ace5-2701782081ddU9sT5mSBJ3ksSn4h.png,female,FemaleEyesFlatLined,FemaleNoseShortBulbous2,FemaleLipsNormal2_Medium,FemaleEyebrowFlat2_Thick,FemaleHairFrontShivaniMestry_Medium,FemaleHairBackSushmaBack,FemaleFaceShapesDiamondSmooth
172,3c0a8f39-f25b-4a9f-a4ae-98bb5412d0d1WiJ3f1PZaQvWUgAi.png,female,FemaleEyesFlatLined,FemaleNoseShortBulbous2,FemaleLipsNormal2_Medium,FemaleEyebrowFlat2_Thick,FemaleHairFrontJhanviPatel_Medium,FemaleHairBackRuchiBack,FemaleFaceShapesTriangleSmooth
173,3a9ebf97-444b-4cc1-901f-3f29ffacfe29V1zuQ2xSUDhfLhh7.png,female,FemaleEyesFlatEyes2,FemaleNoseShortBulbous2,FemaleLipsGoldilocks2_Medium,FemaleEyebrowFlat2_Thick,FemaleHairFrontJhanviPatel_Medium,FemaleHairBackMansiBack,FemaleFaceShapesRectangle2Smooth
174,3be40083-f584-43ea-bc07-7331caa0d255VCqzfmSBJzPYfjGa.png,female,FemaleEyesSleepy2,FemaleNoseWide3,FemaleLipsNormal2_Medium,FemaleEyebrowFlat2_Thick,FemaleHairFrontSaileeDevdas_Short,FemaleHairBackVartikaBack,FemaleFaceShapesTriangle2
175,3b107ccb-8cb7-4057-a14e-28423adca35fV5V8-GSBJ45Pcm6s.png,female,FemaleEyesFlatEyes2,FemaleNoseWide3,FemaleLipsNormal2_Medium,FemaleEyebrowFlat2_Thick,FemaleHairFrontAnuSirohi_Long,FemaleHairBackMansiBack,FemaleFaceShapesSoftRectangle
176,3c03c810-0acb-4f58-a7b2-93a429f5c4e9WUdVgjELxhSc7xVl.png,female,FemaleEyesNormal,FemaleNoseShortBridgeSmall,FemaleLipsNormal_Thick,FemaleEyebrowRaisedHigh_Thin,FemaleHairFrontMansi_Medium,FemaleHairBackMansiBack,FemaleFaceShapesOval2
177,3aeb398a-f1c1-469e-9867-c4afde25f101WTmfeWEz4T0QeXga.png,female,FemaleEyesFlatEyes2,FemaleNoseWide3,FemaleLipsNormal2_Medium,FemaleEyebrowFlat2_Thick,FemaleHairFrontKirnakshi_Short,FemaleHairBackJahanviBack,FemaleFaceShapesOval2
178,3b42c878-e7d5-493a-984b-c1707c1a540bUnYw2bwsRDDnlP4q.png,female,FemaleEyesFlatLined,FemaleNoseShortBulbous2,FemaleLipsGoldilocks2_Medium,FemaleEyebrowThin2_Thin,FemaleHairFrontJhanviPatel_Medium,FemaleHairBackDesaiKavyaBack,FemaleFaceShapesOval2
179,3bf4babb-5b12-4d2c-8ae1-db8a6d0d216cVUGCLO1NjmMGmtGI.png,female,FemaleEyesFlatLined,FemaleNoseShortBulbous2,FemaleLipsNormal2_Medium,FemaleEyebrowFlat2_Thick,FemaleHairFrontNehaJabeen_Medium,FemaleHairBackTulsiBack,FemaleFaceShapesDiamond2Smooth
180,3c1e3d13-f5be-445e-837f-88002848822eWRAID9FH7GGvykJS.png,female,FemaleEyesFlatEyes2,FemaleNoseShortBulbous2,FemaleLipsNormal2_Medium,FemaleEyebrowThin2_Thin,FemaleHairFrontCenterPart3_Short,FemaleHairBackVartikaBack,FemaleFaceShapesRectangle2Smooth
181,3bf11760-56b7-42fd-8151-0777031879e7VokrUA_udjAtJfIz.png,female,FemaleEyesNormal,FemaleNoseShortBridgeSmall,FemaleLipsGoldilocks2_Medium,FemaleEyebrowThin2_Thin,FemaleHairFrontMansi_Medium,FemaleHairBackMansiBack,FemaleFaceShapesOval2
182,3c3d5562-ea7f-4182-bab2-073453a96225U_MgTrwsRHZqlYzw.png,female,FemaleEyesFlatLined,FemaleNoseShortBulbous2,FemaleLipsAverage_Thick,FemaleEyebrowFlat2_Thick,FemaleHairFrontSimran_Medium,FemaleHairBackMansiBack,FemaleFaceShapesTriangle
183,3b014afe-0b58-48bd-ac05-914ba8154388VWL7KBQ1GDoG8j54.png,female,FemaleEyesFlatLined,FemaleNoseWide3,FemaleLipsNormal2_Medium,FemaleEyebrowThin2_Thin,FemaleHairFrontKirnakshi_Short,FemaleHairBackDesaiKavyaBack,FemaleFaceShapesOval
184,3be515c3-45fd-4d2c-81dd-c819eaeaeb6bU9CYWLwsRFdIMjEb.png,female,FemaleEyesFlatLined,FemaleNoseWide3,FemaleLipsAverage_Thick,FemaleEyebrowThin2_Thin,FemaleHairFrontShivaniMestry_Medium,FemaleHairBackSushmaBack,FemaleFaceShapesRectangle2Smooth
185,3b79e4b5-14b7-4cd0-bf13-8f1f25dd0f4cVMM9ztaQwVSFOYRv.png,female,FemaleEyesNormal,FemaleNoseStraightSmall2,FemaleLipsNormal2_Medium,FemaleEyebrowRaisedHigh_Thin,FemaleHairFrontMansi_Medium,FemaleHairBackMansiBack,FemaleFaceShapesSoftTriangle
186,3c13057d-9a33-4ed2-b954-fb510eed7527UzZgxLkTDDJ2nwTz.png,female,FemaleEyesFlatLined,FemaleNoseShortBridgeSmall,FemaleLipsNormal2_Medium,FemaleEyebrowRaisedHigh_Thin,FemaleHairFrontJahanvi_Medium,FemaleHairBackTulsiBack,FemaleFaceShapesOval2
187,3b280d91-ac67-40ca-bb29-e9b46d0bdb79U8pi07wsRH8E5bSe.png,female,FemaleEyesFlatLined,FemaleNoseWide3,FemaleLipsNormal2_Medium,FemaleEyebrowThickSoftAngled_Thick,FemaleHairFrontJt_Medium,FemaleHairBackSabitaBack,FemaleFaceShapesSoftRectangle
188,3b0062d4-7e25-47a8-9ea7-d7d853a44facVOroprwsRExXJugt.png,female,FemaleEyesFlatLined,FemaleNoseShortBulbous2,FemaleLipsNormal2_Medium,FemaleEyebrowFlat2_Thick,FemaleHairFrontNehaJabeen_Medium,FemaleHairBackTulsiBack,FemaleFaceShapesOval2
189,3ba2287b-88ab-4cb9-86aa-240f99a94a44UhdrN7wsRDuKNDvy.png,female,FemaleEyes04,FemaleNoseWide3,FemaleLipsNormal2_Medium,FemaleEyebrowRaisedHigh_Thin,FemaleHairFrontJt_Medium,FemaleHairBackSabitaBack,FemaleFaceShapesTriangle
190,3ba38d93-1b48-432a-8857-221a1517c49bVDE1NGSBJyPLBRkc.png,female,FemaleEyesFlatLined,FemaleNoseShortBulbous2,FemaleLipsNormal2_Medium,FemaleEyebrowFlat2_Thick,FemaleHairFrontAmita_Short,FemaleHairBackDesaiKavyaBack,FemaleFaceShapesSoftTriangle
191,3c3968fd-203d-4396-ae1d-46408eea3d98VsXyXLwsRFYYSgN-.png,female,FemaleEyesFlatLined,FemaleNoseShortBulbous2,FemaleLipsGoldilocks2_Medium,FemaleEyebrowThin2_Thin,FemaleHairFrontNehaJabeen_Medium,FemaleHairBackTulsiBack,FemaleFaceShapesTriangle
192,3aed9b08-b0d6-4372-8ada-efcdc5a4b992VHRYrdaQwV3w8WWE.png,female,FemaleEyesSleepy2,FemaleNoseWide3,FemaleLipsAverage_Thick,FemaleEyebrowFlat2_Thick,FemaleHairFrontNehaJabeen_Medium,FemaleHairBackTulsiBack,FemaleFaceShapesOval2
193,3ac91554-8000-4c50-8146-6ba50a8bfd5bU8-WVbwsRFdOA378.png,female,FemaleEyesFlatLined,FemaleNoseShortBulbous2,FemaleLipsNormal2_Medium,FemaleEyebrowThin2_Thin,FemaleHairFrontJhanviPatel_Medium,FemaleHairBackMansiBack,FemaleFaceShapesSoftRectangle
194,3bcc8da3-a43b-4728-83ee-72ccc120f2f1V87GStFH7HZH1QI7.png,female,FemaleEyesFlatLined,FemaleNoseWide3,FemaleLipsNormal2_Medium,FemaleEyebrowThin2_Thin,FemaleHairFrontShivaniMestry_Medium,FemaleHairBackSushmaBack,FemaleFaceShapesRectangle2Smooth
195,3af2cd30-430b-4a5e-81fc-2a7336e89a01Vkbdf4RXrxhWu7m1.png,female,FemaleEyes04,FemaleNoseShortBulbous2,FemaleLipsGoldilocks2_Medium,FemaleEyebrowThickSoftAngled_Thick,FemaleHairFrontNehaJabeen_Medium,FemaleHairBackTulsiBack,FemaleFaceShapesOval2
196,3c1cafd1-d3fd-4740-bf1a-cdb7c072e229VoJ3tw_udjAwqcKN.png,female,FemaleEyesNormal,FemaleNoseShortBridgeSmall,FemaleLipsNormal2_Medium,FemaleEyebrowThickSoftAngled_Thick,FemaleHairFrontSimran_Medium,FemaleHairBackTulsiBack,FemaleFaceShapesTriangleSmooth
197,3bb7b4f0-e47b-4b3e-b273-7120810ff558VToahJ3KYn0SZrqW.png,female,FemaleEyesFlatLined,FemaleNoseShortBulbous2,FemaleLipsNormal2_Medium,FemaleEyebrowFlat2_Thick,FemaleHairFrontMansi_Medium,FemaleHairBackMansiBack,FemaleFaceShapesTriangle
198,3be2ee48-341b-414c-bed2-f477223afb9aVAr1ZdaQwThPgU-b.png,female,FemaleEyesFlatLined,FemaleNoseShortBulbous2,FemaleLipsAverage_Thick,FemaleEyebrowThin2_Thin,FemaleHairFrontSonam_Long,FemaleHairBackMansiBack,FemaleFaceShapesTriangle
199,3ad8b4e5-5fbc-4597-9e3b-1cfb1f00386eVjo0RuX1BlZcET7j.png,female,FemaleEyesWideOpen,FemaleNoseShortBulbous2,FemaleLipsNormal2_Medium,FemaleEyebrowRaisedHigh_Thin,FemaleHairFrontJoshitha_Long,FemaleHairBackAnnapurnaBack,FemaleFaceShapesDiamondSmooth
200,3b0aa2b7-0140-4aee-b50b-03956aa56204WN6Dz2SBJ_jWw_ZH.png,female,FemaleEyesFlatLined,FemaleNoseShortBulbous2,FemaleLipsNormal2_Medium,FemaleEyebrowRaisedHigh_Thin,FemaleHairFrontJhanviPatel_Medium,FemaleHairBackRuchiBack,FemaleFaceShapesOval
201,3c248124-49ba-4d41-8ab4-0300ded230eeU0PL0taQwRI4Bmnh.png,female,FemaleEyesFlatEyes2,FemaleNoseWide3,FemaleLipsNormal2_Medium,FemaleEyebrowFlat2_Thick,FemaleHairFrontHeena_Medium,FemaleHairBackHarshitaBack,FemaleFaceShapesRectangle2Smooth
202,3afa7861-1e26-4ddd-8c3c-7c83a99d0dd3VkNWmGxSUGFhh3n1.png,female,FemaleEyesFlatLined,FemaleNoseShortBulbous2,FemaleLipsGoldilocks2_Medium,FemaleEyebrowFlat2_Thick,FemaleHairFrontSaumya2_Short,FemaleHairBackRuchiBack,FemaleFaceShapesRectangle2Smooth
203,3ab61923-f486-404c-97b5-b46523fa466bVj6z3VONuG0a4Bc8.png,female,FemaleEyesFlatLined,FemaleNoseShortBulbous2,FemaleLipsNormal2_Medium,FemaleEyebrowThin2_Thin,FemaleHairFrontMansi_Medium,FemaleHairBackMansiBack,FemaleFaceShapesRectangle2Smooth
204,3ac34b48-ff35-4f2f-872f-ae2f33ac630fU_t4wtaQwRU9TOCv.png,female,FemaleEyesFlatLined,FemaleNoseWide3,FemaleLipsGoldilocks2_Medium,FemaleEyebrowThin2_Thin,FemaleHairFrontKirnakshi_Short,FemaleHairBackDesaiKavyaBack,FemaleFaceShapesSoftRectangle
205,3bab1875-75cb-4c6a-9c39-94a355f8f13bWqTu1DxxIV8mY8YK.png,female,FemaleEyesFlatLined,FemaleNoseShortBulbous2,FemaleLipsNormal2_Medium,FemaleEyebrowCurve_Thick,FemaleHairFrontJahanvi_Medium,FemaleHairBackTulsiBack,FemaleFaceShapesRectangle2Smooth
206,3ba6c0cf-e56a-4bbf-8a12-d139dfe18cfeWBLcCY0jkEkHeLVl.png,female,FemaleEyesFlatLined,FemaleNoseShortBulbous2,FemaleLipsNormal2_Medium,FemaleEyebrowFlat2_Thick,FemaleHairFrontSushma_Long,FemaleHairBackKshitijaBack,FemaleFaceShapesRectangle2Smooth
207,3b2c3dc2-54e2-4f1b-bf34-2e5e63dc0e19U8zJ17kTDCo7uvcp.png,female,FemaleEyesFlatLined,FemaleNoseShortBulbous2,FemaleLipsNormal2_Medium,FemaleEyebrowThickSoftAngled_Thick,FemaleHairFrontJahanvi_Medium,FemaleHairBackTulsiBack,FemaleFaceShapesTriangleSmooth
208,3be2ba0d-49e3-477f-b095-1f47ca0adb8dWs3St8dBoQ_6bBVT.png,female,FemaleEyesFlatLined,FemaleNoseWide3,FemaleLipsNormal2_Medium,FemaleEyebrowThin2_Thin,FemaleHairFrontSimran_Medium,FemaleHairBackSaimaBack,FemaleFaceShapesTriangleSmooth
209,3bc7c1ae-65ae-419c-b48b-24bbcb7ab843XMx7nP7_p1Gkr3PO.png,female,FemaleEyesFlatLined,FemaleNoseShortBulbous2,FemaleLipsNormal2_Medium,FemaleEyebrowSShaped_Thin,FemaleHairFrontSimran_Medium,FemaleHairBackRohiniMarwarBack,FemaleFaceShapesTriangleSmooth
210,3afd6c5e-98f2-4198-b01d-396cea09e33dV7Kdo2SBJ3U4iXl6.png,female,FemaleEyesFlatLined,FemaleNoseWide3,FemaleLipsAverage_Thick,FemaleEyebrowFlat2_Thick,FemaleHairFrontAnkita_Medium,FemaleHairBackSushmaBack,FemaleFaceShapesTriangle
211,3c26a942-08f9-437f-8545-0e2155128b29We8D-tQbZA_AaNCb.png,female,FemaleEyesNormal,FemaleNoseShortBulbous2,FemaleLipsGoldilocks2_Medium,FemaleEyebrowThickSoftAngled_Thick,FemaleHairFrontAishwaryaPuri_Long,FemaleHairBackKomalBack,FemaleFaceShapesTriangleSmooth
212,3c24725f-24f1-4982-82dc-3234fad4cef7VNzNA7wsRGAwLqhj.png,female,FemaleEyesFlatEyes2,FemaleNoseShortBulbous2,FemaleLipsAverage_Thick,FemaleEyebrowFlat2_Thick,FemaleHairFrontAishwaryaPuri_Long,FemaleHairBackKomalBack,FemaleFaceShapesOval2
213,3abf3632-bd07-4e3f-bc82-46cc0e1f8317Vy9loLwsRBSjeeUu.png,female,FemaleEyesNormal,FemaleNoseShortBulbous2,FemaleLipsAverage_Thick,FemaleEyebrowCurve_Thick,FemaleHairFrontJahanvi_Medium,FemaleHairBackTulsiBack,FemaleFaceShapesOval
214,3bd580f9-e367-4384-8518-3a7c2fff6c94VTNbX5krTAgAm2Rc.png,female,FemaleEyesNormal,FemaleNoseStraightSmall2,FemaleLipsGoldilocks2_Medium,FemaleEyebrowRaisedHigh_Thin,FemaleHairFrontMidpartPrincessHair_Medium,FemaleHairBackPrincessHairBack,FemaleFaceShapesTriangle
215,3c196c12-e922-4104-8b6a-794143e5f97eUoSJ_rkTDEYaNV7D.png,female,FemaleEyesSleepy2,FemaleNoseWide3,FemaleLipsNormal2_Medium,FemaleEyebrowThin2_Thin,FemaleHairFrontAnkita_Medium,FemaleHairBackDeepikaSharmaBack,FemaleFaceShapesSoftRectangle
216,3aadf3ef-ba66-4184-bb96-4cf77af5dd49Uo8YTbkTDFshDeFM.png,female,FemaleEyesFlatLined,FemaleNoseWide3,FemaleLipsNormal2_Medium,FemaleEyebrowThin2_Thin,FemaleHairFrontKirnakshi_Short,FemaleHairBackDesaiKavyaBack,FemaleFaceShapesSoftRectangle
217,3c23d8cb-c636-4970-b0bf-ccb827ea19c7WTfZIO758TecHvl7.png,female,FemaleEyesFlatLined,FemaleNoseShortBulbous2,FemaleLipsGoldilocks2_Medium,FemaleEyebrowThickSoftAngled_Thick,FemaleHairFrontLongMidPart_Long,FemaleHairBackLongMidPartBack,FemaleFaceShapesRectangle2Smooth
218,3c2efbc7-8562-40a0-a400-b30ac12c0d78WTaUGWEz4T0Qw4e1.png,female,FemaleEyesFlatEyes2,FemaleNoseShortBulbous2,FemaleLipsAverage_Thick,FemaleEyebrowFlat2_Thick,FemaleHairFrontPrincessHair_Long,FemaleHairBackPrincessHairBack,FemaleFaceShapesSoftRectangle
